example_id,pair_id,task_type,variant_type,prompt_type,gold_answer,parsed_answer,correct,mentioned_concepts,gold_concepts,concept_recall_rough,model_output
clean_mediation_001_renamed,pair_001,clean_mediation,renamed_terms,direct,yes,yes,1,mechanism;adverse outcome,mediation;mechanism,0.5,"Yes.

Explanation: The claim that Treatment B causes Outcome D through the proposed mechanism is supported because the timing of the outcomes aligns with the proposed sequence: higher Treatment B exposure precedes mitochondrial stress signals, then oxidative stress, and finally heart tissue outcome signals. This temporal order suggests a causal relationship between the treatment and the observed outcomes, as expected in a controlled study examining the effects of different treatments on specific physiological markers."
clean_mediation_001_renamed,pair_001,clean_mediation,renamed_terms,mechanistic,yes,yes,1,mechanism;adverse outcome,mediation;mechanism,0.5,"Yes.

Explanation:
The claim states that ""Treatment B exposure precedes mitochondrial stress signal, then oxidative stress, followed by heart tissue Outcome D signal."" This sequence of events aligns well with the proposed mechanisms:

1. **Mitochondrial Stress Signal**: Higher Treatment B exposure precedes this stage because it initiates the stress response in mitochondria.
2. **Oxidative Stress**: This follows the stress signal as an immediate consequence due to the increased mitochondrial activity.
3"
clean_mediation_001_renamed,pair_001,clean_mediation,renamed_terms,confounding_aware,yes,yes,1,mechanism;adverse outcome,mediation;mechanism,0.5,"Yes.

The claim states that the treatment causes the Outcome D through the proposed mechanism. The vignette provides information about the timing of the outcomes and the relationship between Exposure A (Treatment B) and Outcome D. It mentions that the exposure precedes the onset of the mitochondria stress signal, which in turn precedes the oxidative stress and finally leads to the heart tissue outcome signal. This sequence of events strongly suggests that the treatment directly causes the Outcome D through its effect on the mitochond"
clean_mediation_001_renamed,pair_001,clean_mediation,renamed_terms,adversarial,yes,no,0,mechanism;adverse outcome,mediation;mechanism,0.5,"No. The claim that the treatment causes the Outcome D through the proposed biological mechanism is not directly supported by the provided information. The vignette describes a temporal sequence of events where higher Treatment B exposure precedes mitochondrial stress signals, oxidative stress, and finally outcomes related to heart tissue. However, it does not explicitly state that the treatment directly caused these outcomes.

To determine if the claim is supported, we would need additional evidence such as:
1. Evidence showing a direct causal relationship between"
confounding_002_renamed,pair_002,confounding,renamed_terms,direct,no,yes,0,mechanism;adverse outcome,confounding;observational association,0.0,"Yes.

Explanation: The claim that Treatment A causes Outcome D through the proposed mechanism is supported because the data shows that Exposure A (the treatment) is associated with an increase in the immune system tissue Outcome D signal, which suggests that Care Access Intensity (CAI) may be responsible for this relationship. However, the lack of mechanistic measurements makes it challenging to definitively establish causation without further research."
confounding_002_renamed,pair_002,confounding,renamed_terms,mechanistic,no,yes,0,mediation;mechanism;adverse outcome,confounding;observational association,0.0,"Yes.

The claim that Treatment A causes Outcome D through the proposed mechanism can be supported based on several key points:

1. **Exposure**: The treatment (Treatment A) has been observed to cause an outcome (Outcome D).
2. **Molecular Initiating Event**: There is evidence suggesting that the treatment triggers a specific molecular event in the body that leads to the outcome.
3. **Mediator**: The mediator involved in this pathway is likely related to the immune system and"
confounding_002_renamed,pair_002,confounding,renamed_terms,confounding_aware,no,yes,0,,confounding;observational association,0.0,Yes.
confounding_002_renamed,pair_002,confounding,renamed_terms,adversarial,no,no,1,mechanism;adverse outcome,confounding;observational association,0.0,"No. The claim that Treatment A causes Outcome D through the proposed biological mechanism is not directly supported by the provided information. While the researchers have identified a plausible relationship between Exposure A (likely to be related to Care Access Intensity) and Outcome D, they do not provide evidence linking these two factors directly to each other. Therefore, it would be premature to conclude that Treatment A causes Outcome D based solely on the given data."
selection_bias_003_renamed,pair_003,selection_bias,renamed_terms,direct,no,yes,0,mechanism;adverse outcome,selection_bias;collider,0.0,"Yes.

The claim that the treatment causes the Outcome D through the proposed mechanism is supported because the conditioning condition involves both Treatment B exposure and early liver symptoms related to tissue Outcome D signal. This suggests that these factors might be influencing the outcome of the study, leading to a potential causal relationship between the treatment and the Outcome D."
selection_bias_003_renamed,pair_003,selection_bias,renamed_terms,mechanistic,no,yes,0,mediation;mechanism;adverse outcome,selection_bias;collider,0.0,"Yes.

The claim in the vignette is that the treatment causes the Outcome D through the proposed mechanism. The key elements of this claim are:

1. **Exposure**: The treatment used is ""Treatment B.""
2. **Molecular Initiating Event**: The molecule involved in causing the Outcome D is ""Outcome D signal.""
3. **Mediator**: The mediator is ""early liver symptoms related to tissue Outcome D signal.""
4. **Adverse Outcome**: The adverse outcome"
selection_bias_003_renamed,pair_003,selection_bias,renamed_terms,confounding_aware,no,yes,0,,selection_bias;collider,0.0,Yes.
selection_bias_003_renamed,pair_003,selection_bias,renamed_terms,adversarial,no,no,1,mechanism;adverse outcome,selection_bias;collider,0.0,"No. The claim that the treatment causes the Outcome D through the proposed mechanism is not directly supported by the provided vignette. The vignette describes a scenario where participants who return for intensive follow-up have a higher likelihood of returning due to certain conditions related to their liver function, such as early signs of liver damage. However, it does not explicitly state that the treatment itself causes these outcomes.

To determine if the claim is supported, we would need additional information about how the treatment affects"
mechanistic_distractor_004_renamed,pair_004,mechanistic_distractor,renamed_terms,direct,no,no,1,mechanism;adverse outcome,mechanism;observational association,0.5,"No.

The vignette does not provide enough information to determine whether the treatment caused Outcome D through the proposed mechanism. The narrative focuses on mitochondrial stress signals and oxidative stress, but lacks specific details about how these factors led to the observed outcomes in the patient. To make an informed decision, additional research would be necessary to establish causation between the treatment and Outcome D."
mechanistic_distractor_004_renamed,pair_004,mechanistic_distractor,renamed_terms,mechanistic,no,yes,0,mediation;adverse outcome,mechanism;observational association,0.0,"Yes.

The claim in the vignette suggests that the treatment causes Outcome D through a specific pathway involving mitochondrial stress signals and oxidative stress. The vignette provides details of this pathway, including:

1. **Exposure**: Mitochondrial stress signals and oxidative stress
2. **Molecular Initiating Event**: Mitochondria
3. **Mediator**: Mitochondrial dysfunction
4. **Adverse Outcome**: Elevated Nervous System Outcome D marker

However, the"
mechanistic_distractor_004_renamed,pair_004,mechanistic_distractor,renamed_terms,confounding_aware,no,no,1,mechanism;adverse outcome,mechanism;observational association,0.5,"No.

The vignette does not provide enough information to determine if either the treatment or the Outcome D caused the other. The narrative focuses on the relationship between mitochondrial stress signals and oxidative stress, but it lacks specific details about how these two factors interacted with each other or influenced the outcomes of interest. Without more context about potential mechanisms linking these variables, we cannot definitively conclude whether the treatment directly caused Outcome D or if there were alternative pathways involved. Therefore, based solely on the"
mechanistic_distractor_004_renamed,pair_004,mechanistic_distractor,renamed_terms,adversarial,no,no,1,mechanism;adverse outcome,mechanism;observational association,0.5,"No. The claim that the treatment causes the Outcome D through the proposed biological mechanism is not directly supported by the provided information. While the study mentions potential mechanisms such as mitochondrial stress signals and oxidative stress, it does not explicitly state that these lead to the observed outcome of increased Nervous System Outcome D markers. Therefore, there is insufficient evidence to conclude that the treatment directly caused the Outcome D through its proposed biological pathway."
clean_mediation_005_renamed,pair_005,clean_mediation,renamed_terms,direct,yes,yes,1,mechanism;adverse outcome,mediation;mechanism,0.5,"Yes.

Explanation: The claim that Treatment C causes Outcome D through the proposed mechanism is supported by the observed timing of the events described in the study. The study shows that higher Exposure to Treatment C precedes the onset of Mitochondrial Stress Signal and subsequent inflammatory cytokine responses, which leads to the development of Outcome D. This sequence of events aligns with the proposed mechanism where increased exposure to Treatment C triggers the production of inflammatory cytokines, resulting in the observed outcomes."
clean_mediation_005_renamed,pair_005,clean_mediation,renamed_terms,mechanistic,yes,yes,1,mediation;adverse outcome,mediation;mechanism,0.5,"Yes.

The claim in the vignette suggests that the treatment (Treatment C) causes the Outcome D (kidney tissue Outcome D signal). The key points supporting this claim include:

1. **Exposure**: Higher Treatment C exposure precedes the mitochondrial stress signal.
2. **Molecular Initiating Event**: Mitochondrial stress signals are known to be initiated by oxidative stress.
3. **Mediator**: Oxidative stress mediates the mitochondrial stress signal into the inflammatory cytok"
clean_mediation_005_renamed,pair_005,clean_mediation,renamed_terms,confounding_aware,yes,yes,1,,mediation;mechanism,0.0,Yes.
clean_mediation_005_renamed,pair_005,clean_mediation,renamed_terms,adversarial,yes,no,0,mechanism;adverse outcome,mediation;mechanism,0.5,"No. The claim that the treatment causes the Outcome D through the proposed biological mechanism is not directly supported by the provided information in the vignette. While the timing of events suggests a potential causal relationship between the treatment and the Outcome D, there is no explicit mention of any direct causation or proof of toxicology mechanisms in the given data. Therefore, based solely on the information provided, it would be incorrect to conclude that the treatment causes the Outcome D through the proposed biological mechanism."
confounding_006_renamed,pair_006,confounding,renamed_terms,direct,no,yes,0,observational association;mechanism;adverse outcome,confounding;observational association,0.5,"Yes.

Explanation: The claim that Treatment B causes Outcome D through the proposed mechanism is supported because the study provides evidence of a causal relationship between treatment exposure and an observed outcome, specifically a decrease in Functional Nervous System Functionality (Outcome D). However, it's important to note that while there is a plausible association, the lack of mechanistic data makes it difficult to definitively establish causation without further research."
confounding_006_renamed,pair_006,confounding,renamed_terms,mechanistic,no,yes,0,mediation;mechanism;adverse outcome,confounding;observational association,0.0,"Yes.

The claim that Treatment B causes Outcome D through the proposed mechanism is supported. The evidence provided suggests that:

1. **Exposure**: Treatment B exposure is associated with Outcome D functional decline.
2. **Molecular Initiating Event**: Baseline frailty likely increases both exposure likelihood and outcome risk.
3. **Mediator**: Mechanistic measurements are sparse, indicating potential limitations in identifying specific mechanisms of action.
4. **Adverse Outcome**: Outcome D functional decline is"
confounding_006_renamed,pair_006,confounding,renamed_terms,confounding_aware,no,yes,0,,confounding;observational association,0.0,Yes.
confounding_006_renamed,pair_006,confounding,renamed_terms,adversarial,no,no,1,observational association;mechanism;adverse outcome,confounding;observational association,0.5,"No. The claim that Treatment B causes Outcome D through the proposed biological mechanism is not directly supported by the data in the given vignette. While the study suggests that Treatment B may increase the likelihood of experiencing Outcome D due to its effects on the nervous system, it does not provide evidence linking these outcomes directly to the mechanisms described in the proposed biological mechanism.

The vignette focuses more on the observed association between Treatment B exposure and Outcome D, but does not explicitly address whether the observed"
selection_bias_007_renamed,pair_007,selection_bias,renamed_terms,direct,no,yes,0,collider;mechanism;adverse outcome,selection_bias;collider,0.5,"Yes.

The claim that the treatment causes the Outcome D through the proposed mechanism is supported because the conditioning mechanism described in the vignette involves both the treatment A exposure and early nervous system symptoms related to cell death index increase. These factors can lead to a collider-like distortion, which could potentially cause the observed outcome D. The vignette suggests that this condition might be induced by the treatment, thereby supporting the causal relationship between the treatment and the Outcome D."
selection_bias_007_renamed,pair_007,selection_bias,renamed_terms,mechanistic,no,yes,0,collider;mechanism;adverse outcome,selection_bias;collider,0.5,"Yes.

The claim in this vignette is that the treatment causes the Outcome D through the proposed mechanism of inducing a collider-like distortion due to the conditioning mechanism involving both Treatment A exposure and early nervous system symptoms related to cell death index increase. The vignette describes how these factors can lead to an adverse outcome, such as cognitive decline or other neurological effects, which could be considered an adverse outcome. Additionally, it mentions that the conditioning process might induce a collider-like distortion, suggesting potential"
selection_bias_007_renamed,pair_007,selection_bias,renamed_terms,confounding_aware,no,yes,0,,selection_bias;collider,0.0,Yes.
selection_bias_007_renamed,pair_007,selection_bias,renamed_terms,adversarial,no,no,1,,selection_bias;collider,0.0,No.
mechanistic_distractor_008_renamed,pair_008,mechanistic_distractor,renamed_terms,direct,no,no,1,mechanism;adverse outcome,mechanism;observational association,0.5,"No.

The vignette does not provide enough information to determine whether the treatment causes the Outcome D through the proposed mechanism. The narrative focuses on variables like Variable B accumulation and cellular calcium imbalance, but lacks specific details about how these factors lead to the observed outcomes in the patient. Without more evidence linking the treatment with the outcome, it's impossible to assess the validity of the claim."
mechanistic_distractor_008_renamed,pair_008,mechanistic_distractor,renamed_terms,mechanistic,no,yes,0,mechanism;adverse outcome,mechanism;observational association,0.5,"Yes.

The claim in the vignette suggests that the treatment causes the Outcome D through the proposed mechanism of Variable B accumulation and cellular calcium imbalance. The exposure to Variable B accumulation and cellular calcium imbalance is mentioned as a potential cause of the Outcome D. However, there is no clear evidence provided to support this causal relationship. Alternative pathways such as other mechanisms like oxidative stress, inflammation, or immune responses may also be considered, but they are not explicitly ruled out based on the information given"
mechanistic_distractor_008_renamed,pair_008,mechanistic_distractor,renamed_terms,confounding_aware,no,no,1,,mechanism;observational association,0.0,No.
mechanistic_distractor_008_renamed,pair_008,mechanistic_distractor,renamed_terms,adversarial,no,no,1,,mechanism;observational association,0.0,No.
clean_mediation_009_renamed,pair_009,clean_mediation,renamed_terms,direct,yes,yes,1,mechanism;adverse outcome,mediation;mechanism,0.5,"Yes.

Explanation: The claim that Treatment A causes Outcome D through the proposed mechanism is supported by the observed temporal sequence of events in the registry data. Specifically, there is a clear causal relationship between higher Exposure to Treatment A and the development of Outcome D, which is consistent across different sites without any significant alternative drivers being identified. This temporal order aligns with the proposed mechanism where higher exposure leads to more severe outcomes due to specific mechanisms such as membrane transport disruption and kidney dysfunction."
clean_mediation_009_renamed,pair_009,clean_mediation,renamed_terms,mechanistic,yes,yes,1,mediation;mechanism;adverse outcome,mediation;mechanism,1.0,"Yes.

Explanation:
The claim states that ""the treatment causes the Outcome D through the proposed mechanism."" This can be broken down into several key components:

1. **Exposure**: The treatment in question is mentioned as Treatment A.
2. **Molecular Initiating Event**: The event leading to the Outcome D is identified as membrane transport disruption.
3. **Mediator**: The mediator of this event is also specified as kidney function.
4. **Adverse Outcome**: The specific"
clean_mediation_009_renamed,pair_009,clean_mediation,renamed_terms,confounding_aware,yes,yes,1,,mediation;mechanism,0.0,Yes.
clean_mediation_009_renamed,pair_009,clean_mediation,renamed_terms,adversarial,yes,no,0,mechanism;adverse outcome,mediation;mechanism,0.5,"No. The claim that the treatment causes the Outcome D through the proposed biological mechanism is not directly supported by the provided information. The vignette describes a series of events leading to the development of Outcome D, but it does not explicitly link any specific treatment to the observed outcomes. Therefore, we cannot confirm whether the treatment causes Outcome D based solely on the given data."
confounding_010_renamed,pair_010,confounding,renamed_terms,direct,no,yes,0,observational association;mechanism;adverse outcome,confounding;observational association,0.5,"Yes.

Explanation: The claim that Treatment A causes the Outcome D through the proposed mechanism is supported because the data shows that Exposure A leads to an increase in the Outcome D marker, which could be interpreted as a potential causal relationship between the two variables. However, it's important to note that this correlation does not necessarily imply causation. Other factors may also contribute to the observed outcomes. Further research would be needed to confirm whether Treatment A directly causes the Outcome D."
confounding_010_renamed,pair_010,confounding,renamed_terms,mechanistic,no,yes,0,confounding;selection_bias;mechanism;adverse outcome,confounding;observational association,0.5,"Yes.

The claim that Treatment A causes the Outcome D through the proposed mechanism is supported. The evidence provided indicates that Exposure A leads to an increase in the Outcome D marker, which could be interpreted as a causal relationship between the two variables. This aligns with the idea of a mechanistic pathway where the treatment triggers an immune response that results in elevated markers for Disease Severity. Additionally, there is no indication of any confounding factors or selection bias that would undermine this conclusion."
confounding_010_renamed,pair_010,confounding,renamed_terms,confounding_aware,no,yes,0,,confounding;observational association,0.0,Yes.
confounding_010_renamed,pair_010,confounding,renamed_terms,adversarial,no,no,1,observational association;mechanism;adverse outcome,confounding;observational association,0.5,"No. The claim that Treatment A causes the Outcome D through the proposed biological mechanism is not directly supported by the provided information. While there is evidence suggesting an association between Exposure A and increased Outcome D markers, the lack of mechanistic data makes it difficult to definitively link these two phenomena. Additionally, without more specific mechanisms or biomarkers linking the observed outcomes to the treatment, we cannot confirm causation. Therefore, while the researcher's claim may be plausible based on the available data"
selection_bias_011_renamed,pair_011,selection_bias,renamed_terms,direct,no,yes,0,confounding;collider;mechanism;adverse outcome,selection_bias;collider,0.5,"Yes.

The claim that the treatment causes the Outcome D through the proposed mechanism is supported because the conditioning of return probability on both Treatment D exposure and early lung symptoms related to Outcome D functional decline introduces a collider-like distortion into the data analysis. This means that the observed relationship between the treatment and the outcome is influenced by factors that were not accounted for in the model, which could be due to confounding variables or other sources of bias. Therefore, the claim is likely supported by the"
selection_bias_011_renamed,pair_011,selection_bias,renamed_terms,mechanistic,no,yes,0,mediation;mechanism;adverse outcome,selection_bias;collider,0.0,"Yes.

The claim in this vignette is that the treatment causes the Outcome D through the proposed mechanism of conditioning. The key elements supporting this claim are:

1. **Exposure**: Participants who returned for intensive follow-up.
2. **Molecular Initiating Event**: Return probability depends on both Treatment D exposure and early lung symptoms related to Outcome D functional decline.
3. **Mediator**: No specific mention of a mediator in the vignette.
4. **Adverse Outcome"
selection_bias_011_renamed,pair_011,selection_bias,renamed_terms,confounding_aware,no,yes,0,,selection_bias;collider,0.0,Yes.
selection_bias_011_renamed,pair_011,selection_bias,renamed_terms,adversarial,no,no,1,mechanism;adverse outcome,selection_bias;collider,0.0,"No. The claim that the treatment causes the Outcome D through the proposed mechanism is not directly supported by the vignette provided. The vignette describes a synthetic outcome-disease analysis with specific conditions and returns, but it does not provide enough information about how the treatment might influence the outcomes of interest (Outcome D) in a way that could be interpreted as causing toxicity.

To determine if the claim is supported, we would need more detailed information about the mechanisms involved in the treatment's effects"
mechanistic_distractor_012_renamed,pair_012,mechanistic_distractor,renamed_terms,direct,no,no,1,mechanism;adverse outcome,mechanism;observational association,0.5,"No.

Explanation: The vignette does not provide sufficient evidence to support the claim that the treatment causes Outcome D through the proposed mechanism. While there may be other potential mechanisms involved in the relationship between mitochondria, oxidative stress, and outcome D, the lack of clear exposure-to-outcome ordering and alternative pathways ruling out certain pathways limits the ability to draw definitive conclusions about causation."
mechanistic_distractor_012_renamed,pair_012,mechanistic_distractor,renamed_terms,mechanistic,no,yes,0,confounding;mechanism;adverse outcome,mechanism;observational association,0.5,"Yes.

The claim in the vignette suggests that the treatment causes the Outcome D through the proposed mechanism of mitochondrial stress signaling and oxidative stress. The vignette provides details about mitochondrial stress signals and oxidative stress, but it does not explicitly mention any specific pathway leading to Outcome D. Additionally, there is no information provided about alternative pathways or confounding factors that could explain why Outcome D might be observed even if the treatment was not directly responsible for it. Therefore, while the vignette presents"
mechanistic_distractor_012_renamed,pair_012,mechanistic_distractor,renamed_terms,confounding_aware,no,no,1,mechanism;adverse outcome,mechanism;observational association,0.5,"No.

The vignette does not provide enough information to determine if either the treatment or the outcome itself caused the exposure and the outcome. The narrative focuses on the relationship between mitochondrial stress signals and oxidative stress, but it lacks specific details about how these factors interact with each other in the context of heart tissue outcomes. Without more information about potential mechanisms linking these conditions, we cannot definitively conclude that the treatment directly caused the Outcome D through the proposed mechanism. Therefore, based solely on the"
mechanistic_distractor_012_renamed,pair_012,mechanistic_distractor,renamed_terms,adversarial,no,no,1,,mechanism;observational association,0.0,No.
clean_mediation_013_renamed,pair_013,clean_mediation,renamed_terms,direct,yes,yes,1,mechanism;adverse outcome,mediation;mechanism,0.5,"Yes.

Explanation: The claim that Treatment A causes the Outcome D through the proposed mechanism is supported by the observed temporal sequence of events in the study. The timing of Exposure A preceding Activation of Variable B, followed by Cellular Calcium Imbalance, and then Nervous System Cell Death Index Increase aligns with the proposed mechanism where high levels of Treatment A lead to increased activation of Variable B, which subsequently results in Calcium Imbalances and subsequent Neurological Damage. This sequence supports the hypothesis"
clean_mediation_013_renamed,pair_013,clean_mediation,renamed_terms,mechanistic,yes,yes,1,mediation;mechanism;adverse outcome,mediation;mechanism,1.0,"Yes.

Explanation:
The claim states that ""the treatment causes the Outcome D through the proposed mechanism."" This means we need to identify the following components:

1. **Exposure**: The treatment used in the study.
2. **Molecular Initiating Event**: The specific chemical or biological agent that triggers the observed outcomes.
3. **Mediator**: Any molecule involved in the initiation of the events described.
4. **Adverse Outcome**: The specific outcome that occurs as a result"
clean_mediation_013_renamed,pair_013,clean_mediation,renamed_terms,confounding_aware,yes,yes,1,,mediation;mechanism,0.0,Yes.
clean_mediation_013_renamed,pair_013,clean_mediation,renamed_terms,adversarial,yes,no,0,mechanism;adverse outcome,mediation;mechanism,0.5,"No. The claim that the treatment causes the outcome D through the proposed mechanism is not directly supported by the provided information. The study does not provide evidence linking the treatment to the observed outcomes of cellular calcium imbalance, nervous system cell death index increase, and other potential toxic effects. Therefore, it cannot be concluded that the treatment causes these outcomes based solely on the given data."
confounding_014_renamed,pair_014,confounding,renamed_terms,direct,no,yes,0,observational association;mechanism;adverse outcome,confounding;observational association,0.5,"Yes.

Explanation: The claim that Treatment C causes Outcome D through the proposed mechanism is supported because the study found a correlation between Exposure A (Treatment C) and Outcome D, which suggests a causal relationship based on the observed association between these two variables. However, the lack of mechanistic data makes it challenging to definitively prove causation without further research into the underlying mechanisms involved in how Exposure A influences Outcome D."
confounding_014_renamed,pair_014,confounding,renamed_terms,mechanistic,no,yes,0,mediation;mechanism;adverse outcome,confounding;observational association,0.0,"Yes.

The claim that Treatment C causes Outcome D through the proposed mechanism can be supported based on several key points:

1. **Exposure**: The study involves Treatment C exposure.
2. **Molecular Initiating Event**: The mechanism of action for Treatment C is not explicitly stated in the vignette, but it likely refers to the specific biological process or pathway involved in causing the observed outcomes.
3. **Mediator**: The mediator is not explicitly mentioned, but it could refer"
confounding_014_renamed,pair_014,confounding,renamed_terms,confounding_aware,no,yes,0,,confounding;observational association,0.0,Yes.
confounding_014_renamed,pair_014,confounding,renamed_terms,adversarial,no,no,1,observational association;mechanism;adverse outcome,confounding;observational association,0.5,"No. The claim that Treatment C causes Outcome D through the proposed biological mechanism is not directly supported by the provided information. The vignette discusses a synthetic single-center observational study where Exposure C (Treatment C) was found to be associated with Lung Outcome D (functional decline), but it does not provide any evidence linking these outcomes to each other or to the mechanisms described in the study. Therefore, we cannot confirm whether the observed association between Exposure C and Outcome D is due to the proposed"
selection_bias_015_renamed,pair_015,selection_bias,renamed_terms,direct,no,yes,0,confounding;collider;mechanism;adverse outcome,selection_bias;collider,0.5,"Yes.

The claim that the treatment causes the Outcome D through the proposed mechanism is supported because the conditioning of return probability on both Treatment D exposure and early liver symptoms related to Outcome D functional decline introduces a collider-like distortion into the data analysis. This means that the observed relationship between the treatment and the outcome is influenced by factors that were not accounted for in the model, which could be due to confounding variables or other sources of bias. Therefore, the claim is likely supported by the"
selection_bias_015_renamed,pair_015,selection_bias,renamed_terms,mechanistic,no,yes,0,selection_bias;collider;mechanism;adverse outcome,selection_bias;collider,1.0,"Yes.

The claim in this vignette is that the treatment causes the Outcome D through the proposed mechanism of inducing a collider-like distortion due to the conditioning on both Treatment D exposure and early liver symptoms related to Outcome D functional decline. The vignette provides details about how these factors interact to influence the outcome, including:

1. **Exposure**: Participants who returned for intensive follow-up.
2. **Molecular Initiating Event**: Early liver symptoms related to Outcome D functional decline."
selection_bias_015_renamed,pair_015,selection_bias,renamed_terms,confounding_aware,no,yes,0,,selection_bias;collider,0.0,Yes.
selection_bias_015_renamed,pair_015,selection_bias,renamed_terms,adversarial,no,no,1,,selection_bias;collider,0.0,No.
mechanistic_distractor_016_renamed,pair_016,mechanistic_distractor,renamed_terms,direct,no,no,1,mechanism;adverse outcome,mechanism;observational association,0.5,"No.

Explanation: The vignette does not provide sufficient evidence to support the claim that the treatment causes Outcome D through the proposed mechanism. While there may be other potential mechanisms involved in the outcome, the lack of clear exposure-to-outcome ordering and alternative pathways ruling out specific pathways for kidney tissue suggests that alternative explanations are more likely. Therefore, without additional information confirming the proposed mechanism, we cannot definitively support the claim based solely on this vignette."
mechanistic_distractor_016_renamed,pair_016,mechanistic_distractor,renamed_terms,mechanistic,no,yes,0,observational association;mechanism;adverse outcome,mechanism;observational association,1.0,"Yes.

The claim in the vignette suggests that the treatment causes the Outcome D through the proposed mechanism of mitochondrial stress signaling and membrane transport disruption. The vignette provides details about the mitochondrial stress signal and membrane transport disruption, which are key components of this mechanism. However, it does not explicitly state that these events directly cause Outcome D. Instead, it mentions that there is evidence suggesting an association between mitochondrial stress and membrane transport disruption and kidney tissue outcomes. This indicates that while the mechanisms"
mechanistic_distractor_016_renamed,pair_016,mechanistic_distractor,renamed_terms,confounding_aware,no,no,1,confounding;mechanism;adverse outcome,mechanism;observational association,0.5,"No.

The vignette does not provide enough information to determine if either the treatment or the outcome itself caused the exposure and outcome. The narrative focuses on the interaction between mitochondrial stress signals and membrane transport disruptions, but it lacks specific details about how these factors led to the observed outcomes in the kidney tissue. Without more context about potential confounding variables or additional data points, we cannot definitively conclude whether the treatment directly caused the Outcome D through its proposed mechanism. Therefore, based solely on"
mechanistic_distractor_016_renamed,pair_016,mechanistic_distractor,renamed_terms,adversarial,no,no,1,mechanism;adverse outcome,mechanism;observational association,0.5,"No. The claim that the treatment causes the Outcome D through the proposed biological mechanism is not directly supported by the provided information in the synthetic toxicity reasoning vignette. While the vignette mentions potential mechanisms of toxicity such as mitochondrial stress signals and membrane transport disruptions, it does not explicitly state that these mechanisms cause the Outcome D. The vignette focuses more on the observed outcomes rather than the underlying mechanisms leading to those outcomes. Therefore, without additional evidence linking the treatment to the specific outcome,"
clean_mediation_017_renamed,pair_017,clean_mediation,renamed_terms,direct,yes,yes,1,mechanism;adverse outcome,mediation;mechanism,0.5,"Yes.

Explanation: The claim that the treatment causes the Outcome D through the proposed mechanism is supported by the observed temporal sequence of events in the synthetic case-control registry data. Specifically, the timing of Treatment C exposure preceding Variable C inhibition and then membrane transport disruption, followed by lung Outcome D functional decline aligns with the proposed mechanism where high levels of Treatment C would lead to increased membrane transport disruption, which in turn results in reduced lung function. This sequence of events is consistent across different"
clean_mediation_017_renamed,pair_017,clean_mediation,renamed_terms,mechanistic,yes,yes,1,mediation;mechanism;adverse outcome,mediation;mechanism,1.0,"Yes.

Explanation:
The claim states that ""the treatment causes the Outcome D through the proposed mechanism."" To support this claim, we need to identify the following components:

1. **Exposure**: The treatment in question.
2. **Molecular Initiating Event**: The specific chemical or biological agent causing the change in the Outcome D.
3. **Mediator**: Any molecule involved in the process leading to the Outcome D.
4. **Adverse Outcome**: The specific negative effect"
clean_mediation_017_renamed,pair_017,clean_mediation,renamed_terms,confounding_aware,yes,yes,1,,mediation;mechanism,0.0,Yes.
clean_mediation_017_renamed,pair_017,clean_mediation,renamed_terms,adversarial,yes,no,0,mechanism;adverse outcome,mediation;mechanism,0.5,"No. The claim that the treatment causes the Outcome D through the proposed biological mechanism is not directly supported by the provided information. The vignette describes a series of events leading to the development of Outcome D, but it does not explicitly link any specific treatment to the observed outcomes. Therefore, we cannot confirm whether the treatment causes Outcome D based solely on the given data."
confounding_018_renamed,pair_018,confounding,renamed_terms,direct,no,yes,0,mechanism;adverse outcome,confounding;observational association,0.0,"Yes.

Explanation: The claim that Treatment D causes Outcome D through the proposed mechanism is supported because the data shows that Exposure D (Treatment D) is associated with Nervous System Tissue Outcome D, which suggests a causal relationship between the two exposures. However, the co-medication pattern also increases both exposure likelihood and outcome risk, indicating that this mechanism may be more complex than just direct causation. Therefore, while the mechanism is plausible, it does not definitively prove caus"
confounding_018_renamed,pair_018,confounding,renamed_terms,mechanistic,no,yes,0,mediation;observational association;mechanism;adverse outcome,confounding;observational association,0.5,"Yes.

The claim that Treatment D causes Outcome D through the proposed mechanism can be supported based on several key points:

1. **Exposure**: The treatment D exposure was observed in the synthetic observational cohort.
2. **Molecular Initiating Event**: The specific molecular initiating event leading to the nervous system tissue Outcome D signal was identified as being associated with the treatment D exposure.
3. **Mediator**: The mediator responsible for this relationship between the treatment D exposure and the Outcome D"
confounding_018_renamed,pair_018,confounding,renamed_terms,confounding_aware,no,yes,0,,confounding;observational association,0.0,Yes.
confounding_018_renamed,pair_018,confounding,renamed_terms,adversarial,no,no,1,observational association;mechanism;adverse outcome,confounding;observational association,0.5,"No. The claim that Treatment D causes the Outcome D through the proposed biological mechanism is not directly supported by the provided information. The vignette discusses a synthetic observational study where Treatment D exposure was found to be associated with a specific Outcome D signal, but it does not provide evidence of causation between the two variables. To determine if the claim is supported, we would need additional data on how Treatment D likely affects the Outcome D, including any potential mechanisms or biomarkers that could link"
selection_bias_019_renamed,pair_019,selection_bias,renamed_terms,direct,no,yes,0,mechanism;adverse outcome,selection_bias;collider,0.0,"Yes.

The claim that the treatment causes the Outcome D through the proposed mechanism is supported because the conditioning condition in the synthetic Outcome D analysis ensures that participants who have returned for intensive follow-up will be included, thereby providing a control group with baseline data relevant to the outcome of interest. This design allows for an unbiased comparison between the treatment group and the control group, which can help identify whether the observed effects of the treatment are due to its effect on the Outcome D rather than other factors"
selection_bias_019_renamed,pair_019,selection_bias,renamed_terms,mechanistic,no,yes,0,mechanism;adverse outcome,selection_bias;collider,0.0,"Yes.

In this synthetic Outcome D analysis, the treatment is likely causing the Outcome D through the following mechanisms:

1. **Exposure**: The treatment involves exposure to substance X, which is known to cause early kidney symptoms related to Outcome D marker elevation.
2. **Molecular Initiating Event**: The specific molecule involved in the initiation of the disease process is not explicitly stated, but it's reasonable to assume that substance X triggers an inflammatory response or other cellular events that lead to"
selection_bias_019_renamed,pair_019,selection_bias,renamed_terms,confounding_aware,no,yes,0,,selection_bias;collider,0.0,Yes.
selection_bias_019_renamed,pair_019,selection_bias,renamed_terms,adversarial,no,no,1,,selection_bias;collider,0.0,No.
mechanistic_distractor_020_renamed,pair_020,mechanistic_distractor,renamed_terms,direct,no,no,1,mechanism;adverse outcome,mechanism;observational association,0.5,"No.

The vignette does not provide sufficient evidence to support the claim that the treatment causes Outcome D through the proposed mechanism. The narrative focuses on mitochondrial stress signals and cellular calcium imbalances, which are complex processes with multiple potential mechanisms. While there may be some indirect links between these conditions and Outcome D, the lack of clear exposure-to-outcome ordering and alternative pathways ruling out other potential mechanisms makes it difficult to definitively conclude causation. Therefore, the answer is ""no,"""
mechanistic_distractor_020_renamed,pair_020,mechanistic_distractor,renamed_terms,mechanistic,no,yes,0,mediation;mechanism;adverse outcome,mechanism;observational association,0.5,"Yes.

The claim in the vignette suggests that the treatment causes the Outcome D through the proposed mechanism of mitochondrial stress signaling and cellular calcium imbalance. The vignette provides details about this pathway, including:

1. **Exposure**: Mitochondrial stress signals and cellular calcium imbalances are likely to be involved in the development of Outcome D.
2. **Molecular Initiating Event**: Mitochondria may play a role in these processes.
3. **Mediator**: Mitochond"
mechanistic_distractor_020_renamed,pair_020,mechanistic_distractor,renamed_terms,confounding_aware,no,no,1,mechanism;adverse outcome,mechanism;observational association,0.5,"No.

The vignette does not provide enough information to determine if either the treatment or the outcome D caused the exposure and outcome. The narrative focuses on mitochondrial stress signals and cellular calcium imbalances, which are complex physiological processes with multiple potential mechanisms. Without specific details about how these factors interacted in the study, it's impossible to definitively conclude whether the treatment directly led to the observed outcomes. Therefore, based solely on the provided information, we cannot support or refute the claim that"
mechanistic_distractor_020_renamed,pair_020,mechanistic_distractor,renamed_terms,adversarial,no,no,1,,mechanism;observational association,0.0,No.
clean_mediation_021_renamed,pair_021,clean_mediation,renamed_terms,direct,yes,yes,1,mechanism;adverse outcome,mediation;mechanism,0.5,"Yes.

Explanation: The claim that Treatment A causes Outcome D through the proposed mechanism is supported because the timing of the outcomes aligns with the proposed pathway. Higher Exposure to Treatment A precedes the mitochondrial stress signal and subsequent changes in membrane transport and immune system cell death indices, which are all known mechanisms associated with increased risk of disease. This temporal order supports the hypothesis that Treatment A may be causing the observed outcomes."
clean_mediation_021_renamed,pair_021,clean_mediation,renamed_terms,mechanistic,yes,yes,1,confounding;mediation;mechanism;adverse outcome,mediation;mechanism,1.0,"Yes.

Explanation:
The claim states that ""Treatment A causes the Outcome D through the proposed mechanism."" To support this claim, we need to identify the following components:

1. **Exposure**: Treatment A exposure
2. **Molecular Initiating Event**: Mitochondrial stress signal
3. **Mediator**: Membrane transport disruption
4. **Adverse Outcome**: Immune system cell death index increase

However, there is an important confounding factor in this scenario"
clean_mediation_021_renamed,pair_021,clean_mediation,renamed_terms,confounding_aware,yes,yes,1,,mediation;mechanism,0.0,Yes.
clean_mediation_021_renamed,pair_021,clean_mediation,renamed_terms,adversarial,yes,no,0,mechanism;adverse outcome,mediation;mechanism,0.5,"No. The claim that Treatment A causes the Outcome D through the proposed biological mechanism is not directly supported by the provided information. The vignette describes a series of events leading to the observed outcomes but does not provide evidence linking Treatment A to the Outcome D. Therefore, it cannot be concluded that Treatment A causes the Outcome D based solely on the given data."
confounding_022_renamed,pair_022,confounding,renamed_terms,direct,no,yes,0,mechanism;adverse outcome,confounding;observational association,0.0,"Yes.

Explanation: The claim that Treatment D causes the Outcome D through the proposed mechanism is supported because the data show that Treatment D exposure is associated with an increase in the liver Outcome D marker, which suggests a causal relationship between the two variables. However, it's important to note that while there is evidence of increased risk for Outcome D due to Treatment D exposure, the lack of mechanistic details makes it difficult to definitively conclude causation without further research."
confounding_022_renamed,pair_022,confounding,renamed_terms,mechanistic,no,yes,0,confounding;mediation;adverse outcome,confounding;observational association,0.5,"Yes.

Explanation:
1. **Exposure**: Treatment D exposure
2. **Molecular Initiating Event**: Liver Outcome D marker elevation
3. **Mediator**: Baseline frailty
4. **Adverse Outcome**: Liver Outcome D marker elevation
5. **Confounder/Selection-Bias Issue**: No

The claim states that ""Treatment D exposure is associated with liver Outcome D marker elevation, but baseline frailty plausibly increases both exposure likelihood and outcome"
confounding_022_renamed,pair_022,confounding,renamed_terms,confounding_aware,no,yes,0,,confounding;observational association,0.0,Yes.
confounding_022_renamed,pair_022,confounding,renamed_terms,adversarial,no,no,1,,confounding;observational association,0.0,No.
selection_bias_023_renamed,pair_023,selection_bias,renamed_terms,direct,no,yes,0,mechanism;adverse outcome,selection_bias;collider,0.0,"Yes.

The claim that the treatment causes the Outcome D through the proposed mechanism is supported because the conditioning condition involves both Treatment B exposure and early lung symptoms related to tissue Outcome D signal. This suggests that these factors might be influencing the outcome of the study, leading to a potential causal relationship between the treatment and the Outcome D."
selection_bias_023_renamed,pair_023,selection_bias,renamed_terms,mechanistic,no,yes,0,mediation;mechanism;adverse outcome,selection_bias;collider,0.0,"Yes.

The claim in the vignette is that the treatment causes the Outcome D through the proposed mechanism. The key elements of this claim are:

1. **Exposure**: The treatment used is ""Treatment B.""
2. **Molecular Initiating Event**: The molecule involved in causing the Outcome D is ""Outcome D signal.""
3. **Mediator**: The mediator is ""early lung symptoms related to tissue Outcome D signal.""
4. **Adverse Outcome**: The adverse outcome"
selection_bias_023_renamed,pair_023,selection_bias,renamed_terms,confounding_aware,no,yes,0,,selection_bias;collider,0.0,Yes.
selection_bias_023_renamed,pair_023,selection_bias,renamed_terms,adversarial,no,no,1,,selection_bias;collider,0.0,No.
mechanistic_distractor_024_renamed,pair_024,mechanistic_distractor,renamed_terms,direct,no,no,1,mechanism;adverse outcome,mechanism;observational association,0.5,"No.

Explanation: The vignette does not provide sufficient evidence to support the claim that the treatment causes Outcome D through the proposed mechanism. While there may be other potential mechanisms involved in the observed outcomes, the lack of clear exposure-to-outcome ordering and alternative pathways ruling out certain immune system tissues as possible targets limits the ability to establish causation with certainty."
mechanistic_distractor_024_renamed,pair_024,mechanistic_distractor,renamed_terms,mechanistic,no,yes,0,confounding;selection_bias;mechanism;adverse outcome,mechanism;observational association,0.5,"Yes.

The claim in the vignette suggests that the treatment causes Outcome D through the proposed mechanism of Variable B activation and cellular calcium imbalance. The exposure to Outcome D is described as being caused by Variable B activation and cellular calcium imbalance. However, there is no mention of alternative pathways or mechanisms involved in the causal relationship between these variables and Outcome D. Additionally, the vignette does not provide information on any potential confounders or selection biases that could affect the validity of this causal"
mechanistic_distractor_024_renamed,pair_024,mechanistic_distractor,renamed_terms,confounding_aware,no,no,1,,mechanism;observational association,0.0,No.
mechanistic_distractor_024_renamed,pair_024,mechanistic_distractor,renamed_terms,adversarial,no,no,1,,mechanism;observational association,0.0,No.
clean_mediation_025_renamed,pair_025,clean_mediation,renamed_terms,direct,yes,yes,1,mechanism;adverse outcome,mediation;mechanism,0.5,"Yes.

The claim that the treatment causes the Outcome D through the proposed mechanism is supported. The evidence provided in the vignette supports this conclusion based on the timing of the outcomes and the sequence of events described. The high incidence of Treatment D exposure preceding Variable C inhibition, followed by Cellular Calcium Imbalance, and finally Immune System Outcome D functional decline aligns with the proposed mechanism where Treatment D might directly cause the Outcome D due to its effects on the immune system."
clean_mediation_025_renamed,pair_025,clean_mediation,renamed_terms,mechanistic,yes,yes,1,mediation;mechanism;adverse outcome,mediation;mechanism,1.0,"Yes.

The claim that the treatment causes the Outcome D through the proposed mechanism can be supported based on several key points from the provided information:

1. **Exposure**: Higher Treatment D exposure precedes Variable C inhibition.
2. **Molecular Initiating Event**: Cellular calcium imbalance.
3. **Mediator**: Immune system function.
4. **Adverse Outcome**: Outcome D functional decline.

### Explanation:
- **Exposure**: The study indicates that higher Exposure to Treatment"
clean_mediation_025_renamed,pair_025,clean_mediation,renamed_terms,confounding_aware,yes,yes,1,,mediation;mechanism,0.0,Yes.
clean_mediation_025_renamed,pair_025,clean_mediation,renamed_terms,adversarial,yes,no,0,mechanism;adverse outcome,mediation;mechanism,0.5,"No. The claim that the treatment causes the Outcome D through the proposed biological mechanism is not directly supported by the provided information. While there is evidence of a temporal relationship between Treatment D exposure and Outcome D, it does not establish causation. To determine if the treatment causes the Outcome D, we would need to conduct further research or confirmatory studies that specifically address whether Treatment D has any direct effect on Outcome D."
confounding_026_renamed,pair_026,confounding,renamed_terms,direct,no,yes,0,observational association;mechanism;adverse outcome,confounding;observational association,0.5,"Yes.

Explanation: The claim that Treatment A causes Outcome D through the proposed mechanism is supported because the data shows that Treatment A exposure leads to an increase in liver cell death index, which is consistent with the observed association between exposure and liver cell damage. Additionally, Care Access Intensity (CAI) is found to be increased as a result of Exposure A, further supporting the causal relationship between these two factors."
confounding_026_renamed,pair_026,confounding,renamed_terms,mechanistic,no,yes,0,confounding;mediation;mechanism;adverse outcome,confounding;observational association,0.5,"Yes.

Explanation:
1. **Exposure**: Treatment A exposure
2. **Molecular Initiating Event**: Liver cell death
3. **Mediator**: Care access intensity
4. **Adverse Outcome**: Liver cell death index increase
5. **Confounder/Selection-Bias Issue**: None

The claim states that ""Care access intensity plausibly increases both exposure likelihood and outcome risk."" This aligns well with the mechanisms described in the vignette:

-"
confounding_026_renamed,pair_026,confounding,renamed_terms,confounding_aware,no,yes,0,,confounding;observational association,0.0,Yes.
confounding_026_renamed,pair_026,confounding,renamed_terms,adversarial,no,no,1,observational association;mechanism;adverse outcome,confounding;observational association,0.5,"No. The claim that Treatment A causes the Outcome D through the proposed biological mechanism is not directly supported by the provided information. While the researchers have identified a potential causal relationship between Treatment A exposure and liver cell death index increase, they have also noted that care access intensity may be responsible for both exposure likelihood and outcome risk. This suggests that while there is an association, it does not necessarily imply causation. Therefore, the claim cannot be definitively supported based solely on the given data"
selection_bias_027_renamed,pair_027,selection_bias,renamed_terms,direct,no,yes,0,confounding;collider;mechanism;adverse outcome,selection_bias;collider,0.5,"Yes.

The claim that the treatment causes the Outcome D through the proposed mechanism is supported because the conditioning of return probability on both Treatment B exposure and early liver symptoms related to Outcome D functional decline introduces a collider-like distortion into the data analysis. This means that the observed relationship between the treatment and the outcome is influenced by factors that were not accounted for in the model, which could be due to confounding variables or other sources of bias. Therefore, the claim is likely supported by the"
selection_bias_027_renamed,pair_027,selection_bias,renamed_terms,mechanistic,no,yes,0,selection_bias;collider;mechanism;adverse outcome,selection_bias;collider,1.0,"Yes.

The claim in this vignette is that the treatment causes the Outcome D through the proposed mechanism of inducing a collider-like distortion due to the conditioning on both Treatment B exposure and early liver symptoms related to Outcome D functional decline. The vignette provides details about how these factors interact to influence the outcome, including:

1. **Exposure**: Participants who returned for intensive follow-up.
2. **Molecular Initiating Event**: Early liver symptoms related to Outcome D functional decline."
selection_bias_027_renamed,pair_027,selection_bias,renamed_terms,confounding_aware,no,yes,0,,selection_bias;collider,0.0,Yes.
selection_bias_027_renamed,pair_027,selection_bias,renamed_terms,adversarial,no,no,1,,selection_bias;collider,0.0,No.
mechanistic_distractor_028_renamed,pair_028,mechanistic_distractor,renamed_terms,direct,no,no,1,mechanism;adverse outcome,mechanism;observational association,0.5,"No.

The vignette does not provide sufficient evidence to support the claim that Variable C inhibition directly caused Outcome D. The narrative focuses on the observed outcomes rather than the mechanisms behind them. To determine if the treatment caused Outcome D, additional research would be necessary, including studies with more rigorous methodologies and controlled conditions."
mechanistic_distractor_028_renamed,pair_028,mechanistic_distractor,renamed_terms,mechanistic,no,yes,0,mediation;mechanism;adverse outcome,mechanism;observational association,0.5,"Yes.

The claim in the vignette suggests that the treatment causes the Outcome D through the proposed mechanism of Variable C inhibition and cellular calcium imbalance. This involves identifying the following components:

1. **Exposure**: The treatment being studied.
2. **Molecular Initiating Event**: The specific chemical substance or molecule involved in the pathway leading to the Outcome D.
3. **Mediator**: Any molecules or proteins that play a role in the initiation of the pathway.
4. **"
mechanistic_distractor_028_renamed,pair_028,mechanistic_distractor,renamed_terms,confounding_aware,no,no,1,observational association;mechanism;adverse outcome,mechanism;observational association,1.0,"No.

The vignette describes a synthetic single-center observational study with a clear focus on Variable C inhibition and cellular calcium imbalance as potential mechanisms of the observed outcomes. The study does not mention any other known pathways or variables that could be involved in the relationship between these treatments and the specific Outcome D marker elevation. Therefore, it is not possible to determine if the treatment caused the Outcome D through the proposed mechanism based solely on this information."
mechanistic_distractor_028_renamed,pair_028,mechanistic_distractor,renamed_terms,adversarial,no,no,1,,mechanism;observational association,0.0,No.
clean_mediation_029_renamed,pair_029,clean_mediation,renamed_terms,direct,yes,yes,1,mechanism;adverse outcome,mediation;mechanism,0.5,"Yes.

The claim that the treatment causes the Outcome D through the proposed mechanism is supported. The timing of events and the consistency in outcomes across different sites suggest a causal relationship between the treatment and the Outcome D."
clean_mediation_029_renamed,pair_029,clean_mediation,renamed_terms,mechanistic,yes,yes,1,mediation;mechanism;adverse outcome,mediation;mechanism,1.0,"Yes.

The claim in the vignette suggests that the treatment (Treatment A) causes the Outcome D (heart Outcome D marker elevation) through the following mechanisms:

1. **Exposure**: Higher Exposure to Treatment A precedes Variable B accumulation.
2. **Molecular Initiating Event**: Cellular calcium imbalance.
3. **Adverse Outcome**: Heart Outcome D marker elevation.

To support this claim, we need to identify the exposure, molecular initiating event, mediator, adverse outcome,"
clean_mediation_029_renamed,pair_029,clean_mediation,renamed_terms,confounding_aware,yes,yes,1,,mediation;mechanism,0.0,Yes.
clean_mediation_029_renamed,pair_029,clean_mediation,renamed_terms,adversarial,yes,no,0,mechanism;adverse outcome,mediation;mechanism,0.5,"No. The claim that the treatment causes the Outcome D through the proposed biological mechanism is not directly supported by the provided information. The vignette describes a series of events leading to the development of Outcome D, but it does not explicitly link the treatment to the observed outcomes. Therefore, we cannot confirm whether the treatment causes the Outcome D based solely on the given data."
confounding_030_renamed,pair_030,confounding,renamed_terms,direct,no,yes,0,observational association;mechanism;adverse outcome,confounding;observational association,0.5,"Yes.

Explanation: The claim that Treatment C causes Outcome D through the proposed mechanism is supported because the study provides evidence of an association between Exposure A (Treatment C) and Outcome D, while also noting that Care Access Intensity (Care Access Intensity) significantly increases both exposure likelihood and outcome risk. This suggests that Exposure A may be contributing to the observed increase in Outcome D due to its potential to enhance Care Access Intensity, which could lead to more effective treatment delivery."
confounding_030_renamed,pair_030,confounding,renamed_terms,mechanistic,no,yes,0,mediation;mechanism;adverse outcome,confounding;observational association,0.0,"Yes.

The claim that Treatment C causes Outcome D through the proposed mechanism can be supported based on several key points:

1. **Exposure**: The study involves Treatment C exposure.
2. **Molecular Initiating Event**: The mechanism of action for Treatment C is not explicitly stated in the vignette, but it likely refers to an event that initiates the immune response or other biological processes involved in the development of Outcome D.
3. **Mediator**: There is no mention"
confounding_030_renamed,pair_030,confounding,renamed_terms,confounding_aware,no,yes,0,,confounding;observational association,0.0,Yes.
confounding_030_renamed,pair_030,confounding,renamed_terms,adversarial,no,no,1,observational association;mechanism;adverse outcome,confounding;observational association,0.5,"No. The claim that Treatment C causes the Outcome D through the proposed mechanism is not directly supported by the provided information. The vignette discusses a synthetic single-center observational study where Exposure C (Treatment C) was observed to have an association with an Outcome D marker, but it does not provide any evidence linking these two outcomes to each other or to the mechanisms of action of the treatment. Therefore, we cannot conclude that the claimed relationship between Treatment C and Outcome D is supported by the"
selection_bias_031_renamed,pair_031,selection_bias,renamed_terms,direct,no,yes,0,mechanism;adverse outcome,selection_bias;collider,0.0,"Yes.

The claim that the treatment causes the Outcome D through the proposed mechanism is supported because the conditioning condition involves both Treatment B exposure and early kidney symptoms related to tissue Outcome D signal. This suggests that these factors might be influencing the outcome of interest, leading to a potential causal relationship between the treatment and the Outcome D."
selection_bias_031_renamed,pair_031,selection_bias,renamed_terms,mechanistic,no,yes,0,mediation;mechanism;adverse outcome,selection_bias;collider,0.0,"Yes.

The claim in the vignette is that the treatment causes the Outcome D through the proposed mechanism. The key elements of this claim are:

1. **Exposure**: The treatment used is ""Treatment B.""
2. **Molecular Initiating Event**: The event leading to the development of Outcome D is ""early kidney symptoms related to tissue Outcome D signal.""
3. **Mediator**: The mediator involved in this pathway is ""the condition.""
4. **Adverse Outcome"
selection_bias_031_renamed,pair_031,selection_bias,renamed_terms,confounding_aware,no,yes,0,,selection_bias;collider,0.0,Yes.
selection_bias_031_renamed,pair_031,selection_bias,renamed_terms,adversarial,no,no,1,mechanism;adverse outcome,selection_bias;collider,0.0,"No. The claim that the treatment causes the Outcome D through the proposed mechanism is not directly supported by the provided vignette. The vignette describes a scenario where participants who return for intensive follow-up have a higher likelihood of returning due to certain conditions related to their condition (tissue Outcome D signal) and also have a higher chance of being diagnosed with the disease (early kidney symptoms). However, it does not explicitly state that these factors cause the Outcome D itself.

To determine if"
mechanistic_distractor_032_renamed,pair_032,mechanistic_distractor,renamed_terms,direct,no,no,1,mechanism;adverse outcome,mechanism;observational association,0.5,"No.

Explanation: The vignette does not provide sufficient evidence to support the claim that Variable C inhibition directly caused the outcome of Cellular Calcium Imbalance (Outcome D). While there may be other mechanisms involved in the development of this condition, biological language is rich but lacks clear evidence linking Variable C inhibition specifically to Cellular Calcium Imbalance. Therefore, without additional information on alternative pathways or more robust experimental data, it cannot be definitively concluded that Variable C inhibition directly led to Cellular Calcium Im"
mechanistic_distractor_032_renamed,pair_032,mechanistic_distractor,renamed_terms,mechanistic,no,yes,0,mediation;mechanism;adverse outcome,mechanism;observational association,0.5,"Yes.

The claim in the vignette suggests that the treatment ""causes"" the outcome ""D"" through a specific mechanism involving Variable C inhibition and cellular calcium imbalance. The vignette provides details such as:

1. **Exposure**: Variable C inhibition
2. **Molecular Initiating Event**: Cellular calcium imbalance
3. **Mediator**: Not specified in the vignette
4. **Adverse Outcome**: Lung cell death index increase

However, there are several"
mechanistic_distractor_032_renamed,pair_032,mechanistic_distractor,renamed_terms,confounding_aware,no,no,1,,mechanism;observational association,0.0,No.
mechanistic_distractor_032_renamed,pair_032,mechanistic_distractor,renamed_terms,adversarial,no,no,1,,mechanism;observational association,0.0,No.
clean_mediation_033_renamed,pair_033,clean_mediation,renamed_terms,direct,yes,yes,1,mechanism;adverse outcome,mediation;mechanism,0.5,"Yes.

Explanation: The claim that treatment A causes outcome D through the proposed mechanism is supported by the data in the synthetic toxicity vignette. The vignette shows that higher Exposure to Treatment A precedes Activation of Variable B and subsequent inflammatory cytokine C responses, which leads to increased liver cell death index. This sequence of events aligns with the proposed mechanism where higher exposure to treatment A would likely result in more severe outcomes due to its potential to activate and exacerbate the underlying condition"
clean_mediation_033_renamed,pair_033,clean_mediation,renamed_terms,mechanistic,yes,yes,1,mediation;mechanism;adverse outcome,mediation;mechanism,1.0,"Yes.

Explanation:
The claim states that ""the treatment causes the Outcome D through the proposed mechanism."" To support this claim, we need to identify the following components:

1. **Exposure**: The treatment in question.
2. **Molecular Initiating Event**: The specific event that triggers the onset of the Outcome D.
3. **Mediator**: Any molecule involved in the initiation of the Outcome D.
4. **Adverse Outcome**: The specific outcome observed after the mediator"
clean_mediation_033_renamed,pair_033,clean_mediation,renamed_terms,confounding_aware,yes,yes,1,,mediation;mechanism,0.0,Yes.
clean_mediation_033_renamed,pair_033,clean_mediation,renamed_terms,adversarial,yes,no,0,mechanism;adverse outcome,mediation;mechanism,0.5,"No. The claim that the treatment causes the outcome D through the proposed biological mechanism is not directly supported by the provided information. The vignette describes a causal relationship between the treatment B exposure and specific outcomes, but it does not explicitly state that the treatment itself causes these outcomes. Instead, it suggests that the treatment may be contributing to the observed outcomes indirectly through its effects on other factors like inflammation or liver cell damage. Therefore, while the research provides evidence for potential mechanisms of action,"
confounding_034_renamed,pair_034,confounding,renamed_terms,direct,no,yes,0,observational association;mechanism;adverse outcome,confounding;observational association,0.5,"Yes.

Explanation: The claim that Treatment D causes Outcome D through the proposed mechanism is supported because the study provides evidence of a correlation between Exposure D (Treatment D) and Outcome D (kidney function decline), while also noting that Baseline Frailty (pre-existing health status) significantly increases both Exposure Likelihood and Outcome Risk. This suggests that there may be an interaction between Exposure D and Baseline Frailty, leading to increased risk of Outcome D. However, it"
confounding_034_renamed,pair_034,confounding,renamed_terms,mechanistic,no,yes,0,mediation;mechanism;adverse outcome,confounding;observational association,0.0,"Yes.

The claim that Treatment D causes Outcome D through the proposed mechanism can be supported based on several key points:

1. **Exposure**: The study involves Treatment D exposure.
2. **Molecular Initiating Event**: Frailty is identified as a potential mediator of the relationship between Exposure D and Outcome D.
3. **Mediator**: Frailty is hypothesized to increase the likelihood of Exposure D causing Outcome D.
4. **Adverse Outcome**: The study"
confounding_034_renamed,pair_034,confounding,renamed_terms,confounding_aware,no,yes,0,,confounding;observational association,0.0,Yes.
confounding_034_renamed,pair_034,confounding,renamed_terms,adversarial,no,no,1,observational association;mechanism;adverse outcome,confounding;observational association,0.5,"No. The claim that Treatment D causes the Outcome D through the proposed biological mechanism is not directly supported by the data in the given vignette. While the study suggests that Treatment D may increase the likelihood of kidney Outcome D due to its effects on the kidneys, it does not provide evidence linking these outcomes directly to the mechanisms described in the proposed biological mechanism.

The vignette focuses more on the observed association between Exposure D (Treatment D) and Outcome D, but does not explicitly address"
selection_bias_035_renamed,pair_035,selection_bias,renamed_terms,direct,no,yes,0,mechanism;adverse outcome,selection_bias;collider,0.0,"Yes.

The claim that the treatment causes the Outcome D through the proposed mechanism is supported because the conditioning condition in the synthetic Outcome D analysis ensures that participants who return for intensive follow-up have a higher likelihood of experiencing the observed outcomes due to their earlier exposure to the treatment and associated liver symptoms. This conditioning helps to isolate the causal relationship between the treatment and the outcome markers more clearly, thereby supporting the hypothesis that the treatment has an effect on the Outcome D."
selection_bias_035_renamed,pair_035,selection_bias,renamed_terms,mechanistic,no,yes,0,collider;mechanism;adverse outcome,selection_bias;collider,0.5,"Yes.

The claim in this vignette is that the treatment causes the Outcome D through the proposed mechanism of inducing a collider-like distortion due to the conditioning involving both Treatment D exposure and early liver symptoms related to Outcome D marker elevation. The vignette describes how these factors can lead to an adverse outcome, which supports the idea that the treatment might be causing the observed outcomes."
selection_bias_035_renamed,pair_035,selection_bias,renamed_terms,confounding_aware,no,yes,0,,selection_bias;collider,0.0,Yes.
selection_bias_035_renamed,pair_035,selection_bias,renamed_terms,adversarial,no,no,1,,selection_bias;collider,0.0,No.
mechanistic_distractor_036_renamed,pair_036,mechanistic_distractor,renamed_terms,direct,no,no,1,mechanism;adverse outcome,mechanism;observational association,0.5,"No.

Explanation: The vignette does not provide enough information to determine whether the treatment directly caused the outcome of interest (Outcome D). While it mentions mitochondrial stress signals and membrane transport disruption as potential mechanisms, the lack of clear exposure-to-outcome ordering and alternative pathways ruling out heart cell death suggests that alternative explanations may be more plausible. Therefore, without additional evidence linking the treatment to Outcome D, we cannot confirm if the claim is supported."
mechanistic_distractor_036_renamed,pair_036,mechanistic_distractor,renamed_terms,mechanistic,no,yes,0,mediation;mechanism;adverse outcome,mechanism;observational association,0.5,"Yes.

The claim in the vignette suggests that the treatment causes the Outcome D through the proposed mechanism. The key elements of this claim include:

1. **Exposure**: Mitochondrial stress signal
2. **Molecular Initiating Event**: Membrane transport disruption
3. **Mediator**: Heart cell death index increase
4. **Adverse Outcome**: Increased risk of heart cell death

To determine if these elements are supported, we need to consider whether there is"
mechanistic_distractor_036_renamed,pair_036,mechanistic_distractor,renamed_terms,confounding_aware,no,no,1,,mechanism;observational association,0.0,No.
mechanistic_distractor_036_renamed,pair_036,mechanistic_distractor,renamed_terms,adversarial,no,no,1,,mechanism;observational association,0.0,No.
clean_mediation_037_renamed,pair_037,clean_mediation,renamed_terms,direct,yes,yes,1,mechanism;adverse outcome,mediation;mechanism,0.5,"Yes.

The claim that Treatment B causes Outcome D through the proposed mechanism is supported by the observed timing and consistency of the outcomes in the study. The study shows that Treatment B leads to increased levels of Outcome D before other potential drivers such as Variable C inhibition and oxidative stress occur. This suggests a causal relationship between Treatment B and Outcome D, which aligns with the proposed mechanism for how these treatments might interact."
clean_mediation_037_renamed,pair_037,clean_mediation,renamed_terms,mechanistic,yes,yes,1,mediation;mechanism;adverse outcome,mediation;mechanism,1.0,"Yes.

Explanation:
The claim states that ""the treatment causes the Outcome D through the proposed mechanism."" This can be broken down into several key components:

1. **Exposure**: The treatment in question is mentioned as being administered to patients.
2. **Molecular Initiating Event**: The specific molecule involved in causing the Outcome D is identified as Variable C.
3. **Mediator**: The mediator of this causal relationship is also specified as Oxidative Stress.
4. **"
clean_mediation_037_renamed,pair_037,clean_mediation,renamed_terms,confounding_aware,yes,yes,1,,mediation;mechanism,0.0,Yes.
clean_mediation_037_renamed,pair_037,clean_mediation,renamed_terms,adversarial,yes,no,0,mechanism;adverse outcome,mediation;mechanism,0.5,"No. The claim that the treatment causes the Outcome D through the proposed biological mechanism is not directly supported by the data in the given vignette. While there is evidence of increased oxidative stress and subsequent kidney outcomes following treatment B, the vignette does not provide clear evidence linking these events to the specific mechanism described for Outcome D. Therefore, it would be premature to conclude that the treatment causes the Outcome D based solely on the timing and observed effects of Treatment B. Further research would be"
confounding_038_renamed,pair_038,confounding,renamed_terms,direct,no,yes,0,observational association;mechanism;adverse outcome,confounding;observational association,0.5,"Yes.

Explanation: The claim that Treatment D causes the Outcome D through the proposed mechanism is supported because the data show that Exposure D (Treatment D) is associated with an increase in the Outcome D marker, which suggests a causal relationship between the two variables. However, it's important to note that while there is evidence of causation, the mechanisms behind this association remain unclear due to the lack of mechanistic measurements available for Treatment D. Further research would be needed to fully understand the"
confounding_038_renamed,pair_038,confounding,renamed_terms,mechanistic,no,yes,0,mediation;mechanism;adverse outcome,confounding;observational association,0.0,"Yes.

The claim that Treatment D causes the Outcome D through the proposed mechanism can be supported based on several key points:

1. **Exposure**: The treatment in question is Treatment D.
2. **Molecular Initiating Event**: This refers to the specific biological process or molecule involved in the relationship between the treatment and the Outcome D.
3. **Mediator**: This term indicates the intermediary molecule or protein that facilitates the interaction between the treatment and the Outcome D.
4."
confounding_038_renamed,pair_038,confounding,renamed_terms,confounding_aware,no,yes,0,,confounding;observational association,0.0,Yes.
confounding_038_renamed,pair_038,confounding,renamed_terms,adversarial,no,no,1,,confounding;observational association,0.0,No.
selection_bias_039_renamed,pair_039,selection_bias,renamed_terms,direct,no,yes,0,collider;mechanism;adverse outcome,selection_bias;collider,0.5,"Yes.

The claim that the treatment causes the Outcome D through the proposed mechanism is supported because the conditioning of return probability on both Treatment A exposure and early nervous system symptoms related to Outcome D marker elevation introduces a collider-like distortion in the data. This means that the observed relationship between the treatment and the outcome is influenced by factors that were not directly causally linked but rather by interactions between the variables involved."
selection_bias_039_renamed,pair_039,selection_bias,renamed_terms,mechanistic,no,yes,0,mediation;mechanism;adverse outcome,selection_bias;collider,0.0,"Yes.

In this synthetic Outcome D analysis, the treatment is likely causing the Outcome D through the following mechanisms:

1. **Exposure**: The treatment involves exposure to a specific agent or substance.
2. **Molecular Initiating Event**: The molecule involved in the initiation of the disease process.
3. **Mediator**: The molecule that mediates the interaction between the treatment and the disease process.
4. **Adverse Outcome**: The observed effect of the treatment on the patient"
selection_bias_039_renamed,pair_039,selection_bias,renamed_terms,confounding_aware,no,yes,0,,selection_bias;collider,0.0,Yes.
selection_bias_039_renamed,pair_039,selection_bias,renamed_terms,adversarial,no,no,1,,selection_bias;collider,0.0,No.
mechanistic_distractor_040_renamed,pair_040,mechanistic_distractor,renamed_terms,direct,no,no,1,mechanism;adverse outcome,mechanism;observational association,0.5,"No.

The vignette does not provide enough information to determine whether the treatment causes the Outcome D through the proposed mechanism. The narrative focuses on the variables and their relationships without explicitly stating causation or providing evidence linking them directly to the Outcome D. Therefore, it cannot be conclusively determined if the treatment causes the Outcome D based solely on this information."
mechanistic_distractor_040_renamed,pair_040,mechanistic_distractor,renamed_terms,mechanistic,no,yes,0,mediation;adverse outcome,mechanism;observational association,0.0,"Yes.

The claim in the vignette suggests that the treatment causes the Outcome D through a specific pathway involving Variable B accumulation and inflammatory cytokine C response. The vignette provides details such as:

1. **Exposure**: Variable B accumulation
2. **Molecular Initiating Event**: Inflammatory cytokine C response
3. **Mediator**: Not specified in the vignette
4. **Adverse Outcome**: Heart Outcome D functional decline

However, there are several"
mechanistic_distractor_040_renamed,pair_040,mechanistic_distractor,renamed_terms,confounding_aware,no,no,1,,mechanism;observational association,0.0,No.
mechanistic_distractor_040_renamed,pair_040,mechanistic_distractor,renamed_terms,adversarial,no,no,1,,mechanism;observational association,0.0,No.
clean_mediation_041_renamed,pair_041,clean_mediation,renamed_terms,direct,yes,yes,1,observational association;mechanism;adverse outcome,mediation;mechanism,0.5,"Yes.

Explanation: The claim that Treatment B causes Outcome D through the proposed mechanism in this synthetic single-center observational study is supported. The study shows that higher Exposure to Treatment B precedes Activation of Variable B, followed by Cellular Calcium Imbalance, and ultimately leads to an increase in Lung Cell Death Index. This sequence aligns with the proposed mechanism where higher levels of Exposure to Treatment B lead to increased activation of Variable B, which subsequently results in Cellular Calcium Imbalance, and finally"
clean_mediation_041_renamed,pair_041,clean_mediation,renamed_terms,mechanistic,yes,yes,1,mediation;mechanism;adverse outcome,mediation;mechanism,1.0,"Yes.

Explanation:
The claim states that ""the treatment causes the Outcome D through the proposed mechanism."" This means we need to identify the following components:

1. **Exposure**: The treatment used in the study.
2. **Molecular Initiating Event**: The specific chemical or biological agent that triggers the pathway leading to the Outcome D.
3. **Mediator**: Any molecule involved in the signaling cascade from the initiating event to the Outcome D.
4. **Adverse Outcome"
clean_mediation_041_renamed,pair_041,clean_mediation,renamed_terms,confounding_aware,yes,yes,1,,mediation;mechanism,0.0,Yes.
clean_mediation_041_renamed,pair_041,clean_mediation,renamed_terms,adversarial,yes,no,0,mechanism;adverse outcome,mediation;mechanism,0.5,"No. The claim that the treatment causes the outcome D through the proposed mechanism is not directly supported by the provided information. The study does not provide evidence linking the treatment to the observed outcomes of interest (Outcome D). Instead, it focuses on the timing and sequence of events leading up to these outcomes, which may be influenced by other factors such as patient characteristics, baseline conditions, or other treatments being administered concurrently. Therefore, while the study provides valuable insights into potential mechanisms of action for"
confounding_042_renamed,pair_042,confounding,renamed_terms,direct,no,yes,0,observational association;mechanism;adverse outcome,confounding;observational association,0.5,"Yes.

Explanation: The claim that Treatment B causes Outcome D through the proposed mechanism of increased risk due to baseline frailty is supported. The evidence provided suggests that baseline frailty likely increases both the likelihood of exposure and the severity of outcomes, which aligns with the observed association between Treatment B exposure and elevated kidney Outcome D markers. This supports the hypothesis that the mechanism involves an interaction between baseline frailty and the specific effects of Treatment B on kidney health."
confounding_042_renamed,pair_042,confounding,renamed_terms,mechanistic,no,yes,0,mediation;mechanism;adverse outcome,confounding;observational association,0.0,"Yes.

The claim that Treatment B causes Outcome D through the proposed mechanism can be supported based on several key points:

1. **Exposure**: The treatment in question is Treatment B.
2. **Molecular Initiating Event**: This refers to the specific biological process or molecule involved in the relationship between the treatment and the outcome.
3. **Mediator**: This term indicates the intermediary molecule or protein that facilitates the interaction between the treatment and the outcome.
4. **Adverse"
confounding_042_renamed,pair_042,confounding,renamed_terms,confounding_aware,no,yes,0,,confounding;observational association,0.0,Yes.
confounding_042_renamed,pair_042,confounding,renamed_terms,adversarial,no,no,1,,confounding;observational association,0.0,No.
selection_bias_043_renamed,pair_043,selection_bias,renamed_terms,direct,no,yes,0,mechanism;adverse outcome,selection_bias;collider,0.0,"Yes.

The claim that the treatment causes the Outcome D through the proposed mechanism is supported because the conditioning condition involves both Treatment B exposure and early kidney symptoms related to tissue Outcome D signal. This suggests that these factors might be influencing the outcome of interest, leading to a potential causal relationship between the treatment and the Outcome D."
selection_bias_043_renamed,pair_043,selection_bias,renamed_terms,mechanistic,no,yes,0,mediation;mechanism;adverse outcome,selection_bias;collider,0.0,"Yes.

The claim in the vignette is that the treatment causes the Outcome D through the proposed mechanism. The key elements of this claim are:

1. **Exposure**: The treatment used is ""Treatment B.""
2. **Molecular Initiating Event**: The event leading to the development of Outcome D is ""early kidney symptoms related to tissue Outcome D signal.""
3. **Mediator**: The mediator involved in this pathway is ""the condition.""
4. **Adverse Outcome"
selection_bias_043_renamed,pair_043,selection_bias,renamed_terms,confounding_aware,no,yes,0,,selection_bias;collider,0.0,Yes.
selection_bias_043_renamed,pair_043,selection_bias,renamed_terms,adversarial,no,no,1,mechanism;adverse outcome,selection_bias;collider,0.0,"No. The claim that the treatment causes the Outcome D through the proposed mechanism is not directly supported by the provided vignette. The vignette describes a scenario where participants who return for intensive follow-up have a higher likelihood of returning due to certain conditions related to their condition (tissue Outcome D signal) and also have a higher chance of being diagnosed with the disease (early kidney symptoms). However, it does not explicitly state that these factors cause the Outcome D itself.

To determine if"
mechanistic_distractor_044_renamed,pair_044,mechanistic_distractor,renamed_terms,direct,no,no,1,mechanism;adverse outcome,mechanism;observational association,0.5,"No.

Explanation: The vignette does not provide sufficient evidence to support the claim that the treatment causes the Outcome D through the proposed mechanism. While there may be other potential mechanisms involved in the relationship between Variable B activation and oxidative stress and immune system outcomes, the lack of clear exposure-to-outcome ordering and alternative pathways ruling out certain pathways makes it difficult to definitively conclude that the treatment directly caused the Outcome D. Therefore, the claim cannot be supported based solely on the information provided"
mechanistic_distractor_044_renamed,pair_044,mechanistic_distractor,renamed_terms,mechanistic,no,yes,0,mediation;mechanism;adverse outcome,mechanism;observational association,0.5,"Yes.

The claim in the vignette suggests that the treatment causes the Outcome D through the proposed mechanism of Variable B activation and oxidative stress. The vignette provides details such as:

- **Exposure**: Variable B activation
- **Molecular Initiating Event**: Oxidative stress
- **Mediator**: Not specified in the vignette
- **Adverse Outcome**: Immune system Outcome D marker elevation

However, there are several issues with this interpretation:

1."
mechanistic_distractor_044_renamed,pair_044,mechanistic_distractor,renamed_terms,confounding_aware,no,no,1,,mechanism;observational association,0.0,No.
mechanistic_distractor_044_renamed,pair_044,mechanistic_distractor,renamed_terms,adversarial,no,no,1,,mechanism;observational association,0.0,No.
clean_mediation_045_renamed,pair_045,clean_mediation,renamed_terms,direct,yes,yes,1,mechanism;adverse outcome,mediation;mechanism,0.5,"Yes.

Explanation: The claim that Treatment A causes Outcome D through the proposed mechanism is supported because the timing of the outcomes aligns with the proposed pathway. Higher Exposure to Treatment A precedes the onset of Mitochondrial Stress Signal and subsequent Oxidative Stress, which in turn leads to Liver Tissue Outcome D. This temporal sequence supports the hypothesis that Treatment A may be responsible for causing Outcome D due to its potential to induce these specific cellular responses."
clean_mediation_045_renamed,pair_045,clean_mediation,renamed_terms,mechanistic,yes,yes,1,mediation;mechanism;adverse outcome,mediation;mechanism,1.0,"Yes.

Explanation:
The claim states that ""Treatment A causes the Outcome D through the proposed mechanism."" To support this claim, we need to identify the following components:

1. **Exposure**: The treatment used in the study.
2. **Molecular Initiating Event**: The specific event that triggers the onset of the Outcome D.
3. **Mediator**: Any substance or molecule involved in the initiation of the Outcome D.
4. **Adverse Outcome**: The specific negative"
clean_mediation_045_renamed,pair_045,clean_mediation,renamed_terms,confounding_aware,yes,yes,1,mechanism;adverse outcome,mediation;mechanism,0.5,"Yes.

The claim states that ""Treatment A causes the Outcome D through the proposed mechanism."" To support this claim, we need to identify any variables that could potentially cause both the exposure and the outcome. 

In the given scenario:
- **Exposure**: Higher Treatment A exposure precedes mitochondrial stress signal, then oxidative stress, followed by liver tissue Outcome D signal.
- **Outcome**: Liver tissue Outcome D signal.

We can see that there is no direct causal relationship between the exposure"
clean_mediation_045_renamed,pair_045,clean_mediation,renamed_terms,adversarial,yes,no,0,mechanism;adverse outcome,mediation;mechanism,0.5,"No. The claim that the treatment causes the Outcome D through the proposed biological mechanism is not directly supported by the provided information. The vignette describes a temporal sequence of events where higher Exposure to Treatment A precedes the development of Outcome D, but it does not explicitly state that the treatment itself caused the Outcome D. Therefore, we cannot conclude that the treatment causes the Outcome D based solely on the given data."
confounding_046_renamed,pair_046,confounding,renamed_terms,direct,no,no,1,observational association;mechanism;adverse outcome,confounding;observational association,0.5,"No.

Explanation: The claim that Treatment B causes Outcome D through the proposed mechanism is not directly supported by the provided information. While there is evidence suggesting an association between Exposure A (Treatment B) and increased cell death in Immune System cells, the study does not provide sufficient mechanistic details to establish causation. Therefore, we cannot conclude that Treatment B directly caused Outcome D based solely on this observation."
confounding_046_renamed,pair_046,confounding,renamed_terms,mechanistic,no,yes,0,mediation;mechanism;adverse outcome,confounding;observational association,0.0,"Yes.

The claim that Treatment B causes the Outcome D through the proposed mechanism can be supported based on several key points:

1. **Exposure**: The study involves Treatment B exposure.
2. **Molecular Initiating Event**: The mechanism of action for Treatment B is not explicitly stated in the vignette, but it likely refers to an immune response or other cellular process triggered by the exposure.
3. **Mediator**: There is no mention of a mediator in the vignette"
confounding_046_renamed,pair_046,confounding,renamed_terms,confounding_aware,no,yes,0,,confounding;observational association,0.0,Yes.
confounding_046_renamed,pair_046,confounding,renamed_terms,adversarial,no,no,1,mechanism;adverse outcome,confounding;observational association,0.0,"No. The claim that Treatment B causes the Outcome D through the proposed biological mechanism is not directly supported by the provided information. The vignette discusses potential mechanisms of action for the treatment, including increased cell death in immune cells, but it does not explicitly state that these mechanisms cause the observed outcomes. Therefore, while the mechanism may be plausible, the specific causal relationship between Treatment B and the Outcome D remains unclear without additional experimental data or mechanistic studies."
selection_bias_047_renamed,pair_047,selection_bias,renamed_terms,direct,no,yes,0,collider;mechanism;adverse outcome,selection_bias;collider,0.5,"Yes.

The claim that the treatment causes the Outcome D through the proposed mechanism is supported because the conditioning of return probability on both Treatment C exposure and early immune system symptoms related to Outcome D marker elevation introduces a collider-like distortion into the data analysis. This means that the observed differences in return probabilities between different groups (e.g., those with high Early Immune System Symptoms vs. those without) could be due to an interaction effect rather than pure chance, which is characteristic of collider effects"
selection_bias_047_renamed,pair_047,selection_bias,renamed_terms,mechanistic,no,yes,0,collider;mechanism;adverse outcome,selection_bias;collider,0.5,"Yes.

The claim in this vignette is that the treatment causes the Outcome D through the proposed mechanism of inducing a collider-like distortion due to the conditioning involving both Treatment C exposure and early immune system symptoms related to Outcome D marker elevation. The vignette describes how these factors can lead to an adverse outcome, which supports the idea that the treatment might be causing the observed outcomes."
selection_bias_047_renamed,pair_047,selection_bias,renamed_terms,confounding_aware,no,yes,0,,selection_bias;collider,0.0,Yes.
selection_bias_047_renamed,pair_047,selection_bias,renamed_terms,adversarial,no,no,1,,selection_bias;collider,0.0,No.
mechanistic_distractor_048_renamed,pair_048,mechanistic_distractor,renamed_terms,direct,no,no,1,mechanism;adverse outcome,mechanism;observational association,0.5,"No.

Explanation: The vignette does not provide sufficient evidence to support the claim that the treatment causes the Outcome D through the proposed mechanism. While there may be other potential mechanisms involved in the observed outcomes, the lack of clear exposure-to-outcome ordering and alternative pathways ruling out certain pathways limits the ability to draw definitive conclusions about causation."
mechanistic_distractor_048_renamed,pair_048,mechanistic_distractor,renamed_terms,mechanistic,no,yes,0,confounding;mediation;selection_bias;mechanism;adverse outcome,mechanism;observational association,0.5,"Yes.

The claim in the vignette suggests that the treatment causes the Outcome D through the proposed mechanism of oxidative stress and variable B accumulation. To determine if this claim is supported, we need to identify the exposure, molecular initiating event, mediator, adverse outcome, and any potential confounders or selection biases.

1. **Exposure**: The treatment likely involves some form of intervention aimed at reducing oxidative stress or increasing variable B levels.
2. **Molecular Initiating Event**:"
mechanistic_distractor_048_renamed,pair_048,mechanistic_distractor,renamed_terms,confounding_aware,no,no,1,,mechanism;observational association,0.0,No.
mechanistic_distractor_048_renamed,pair_048,mechanistic_distractor,renamed_terms,adversarial,no,no,1,,mechanism;observational association,0.0,No.
